postId,quantidade_mensagens,id_ultima_mensagem,ultima_mensagem
21,5,105,"ut rerum illum error at inventore ab nobis molestiae
ipsa architecto temporibus non aliquam aspernatur omnis quidem aliquid
consequatur non et expedita cumque voluptates ipsam quia
blanditiis libero itaque sed iusto at"
24,5,120,"repudiandae aliquam maxime cupiditate consequatur id
quas error repellendus
totam officia dolorem beatae natus cum exercitationem
asperiores dolor ea"
27,5,135,"ullam harum consequatur est rerum est
magni tenetur aperiam et
repudiandae et reprehenderit dolorum enim voluptas impedit
eligendi quis necessitatibus in exercitationem voluptatem qui"
66,5,330,"perspiciatis vero nulla aut consequatur fuga earum aut
nemo suscipit totam vitae qui at omnis aut
incidunt optio dolorem voluptatem vel
assumenda vero id explicabo deleniti sit corrupti sit"
69,5,345,"quis beatae qui
sequi dicta quas et dolor
non enim aspernatur excepturi aut rerum asperiores
aliquid animi nulla ea tempore esse"
80,5,400,"ut nisi sunt perspiciatis qui doloribus quas
velit molestiae atque corrupti corporis voluptatem
vel ratione aperiam tempore est eos
quia a voluptas"
3,5,15,"vel quae voluptas qui exercitationem
voluptatibus unde sed
minima et qui ipsam aspernatur
expedita magnam laudantium et et quaerat ut qui dolorum"
7,5,35,"quia incidunt ut
aliquid est ut rerum deleniti iure est
ipsum quia ea sint et
voluptatem quaerat eaque repudiandae eveniet aut"
41,5,205,"voluptatibus pariatur illo
autem quia aut ullam laudantium quod laborum officia
dicta sit consequatur quis delectus vel
omnis laboriosam laborum vero ipsa voluptas"
47,5,235,"veritatis laudantium laboriosam ut maxime sed voluptate
consequatur itaque occaecati voluptatum est
ut itaque aperiam eligendi at vel minus
dicta tempora nihil pariatur libero est"
63,5,315,"sunt cupiditate commodi est pariatur incidunt quis
suscipit saepe magnam amet enim
quod quis neque
et modi rerum asperiores consequatur reprehenderit maiores"
89,5,445,"velit ut incidunt accusantium
suscipit animi officia iusto
nemo omnis sunt nobis repellendus corporis
consequatur distinctio dolorem"
9,5,45,"voluptatem ut possimus laborum quae ut commodi delectus
in et consequatur
in voluptas beatae molestiae
est rerum laborum et et velit sint ipsum dolorem"
44,5,220,"rem qui est
facilis qui voluptatem quis est veniam quam aspernatur dicta
dolore id sapiente saepe consequatur
enim qui impedit culpa ex qui voluptas dolor"
53,5,265,"similique harum iste ipsam non dolores facere esse
et beatae error necessitatibus laboriosam fugiat culpa esse occaecati
ut provident ut et dolorum nam
delectus impedit aut blanditiis fugiat est unde"
74,5,370,"qui fugit accusamus
et quo minus cumque hic adipisci
odio blanditiis omnis et est
architecto et facilis inventore quasi provident quaerat ex rem"
94,5,470,"molestias incidunt eaque
numquam reprehenderit rerum ut ex ad
omnis porro maiores quaerat harum nihil non quasi ea
asperiores quisquam sunt fugiat eos natus iure adipisci"
8,5,40,"unde voluptatem qui dicta
vel ad aut eos error consequatur voluptatem
adipisci doloribus qui est sit aut
velit aut et ea ratione eveniet iure fuga"
26,5,130,"omnis consequatur dignissimos iure rerum odio
culpa laudantium quia voluptas enim est nisi
doloremque consequatur autem officiis necessitatibus beatae et
et itaque animi dolor praesentium"
35,5,175,"sit dolores consequatur qui voluptas sunt
earum at natus alias excepturi dolores
maiores pariatur at reiciendis
dolor esse optio"
85,5,425,"voluptate libero corrupti facere totam eaque consequatur nemo
enim aliquid exercitationem nulla dignissimos illo
est amet non iure
amet sed dolore non ipsam magni"
87,5,435,"voluptatem minus asperiores quasi
perspiciatis et aut blanditiis illo deserunt molestiae ab aperiam
ex minima sed omnis at
et repellat aut incidunt"
28,5,140,"velit ipsa fugiat sit qui vel nesciunt sapiente
repudiandae perferendis nemo eos quos perspiciatis aperiam
doloremque incidunt nostrum temporibus corrupti repudiandae vitae non corporis
cupiditate suscipit quod sed numquam excepturi enim labore"
58,5,290,"voluptatem perspiciatis voluptatum quaerat
odit voluptates iure
quisquam magnam voluptates ut non qui
aliquam aut ut amet sit consequatur ut suscipit"
77,5,385,"sit fugiat est autem quia ipsam error ab
voluptatem sed ab labore molestiae qui debitis exercitationem
non et sunt officia illo possimus iste tenetur est
dolores voluptas ad aspernatur nihil"
98,5,490,"sint delectus nesciunt ipsum et aliquid et libero
aut suscipit et molestiae nemo pariatur sequi
repudiandae ea placeat neque quas eveniet
mollitia quae laboriosam"
18,5,90,"vitae cupiditate excepturi eum veniam laudantium aspernatur blanditiis
aspernatur quia ut assumenda et magni enim magnam
in voluptate tempora
non qui voluptatem reprehenderit porro qui voluptatibus"
38,5,190,"quam magni adipisci totam
ut reprehenderit ut tempore non asperiores repellendus architecto aperiam
dignissimos est aut reiciendis consectetur voluptate nihil culpa at
molestiae labore qui ea"
46,5,230,"unde aliquam ipsam eaque quia laboriosam exercitationem totam illo
non et dolore ipsa
laborum et sapiente fugit voluptatem
et debitis quia optio et minima et nostrum"
73,5,365,"modi sed aut quidem quisquam optio est
aut facilis sit quia quis facere quod
fugiat recusandae ex et quisquam ipsum sed sit
exercitationem quia recusandae dolorem quasi iusto ipsa qui et"
6,5,30,"voluptatem repellendus quo alias at laudantium
mollitia quidem esse
temporibus consequuntur vitae rerum illum
id corporis sit id"
19,5,95,"ut quis et id repellat labore
nobis itaque quae saepe est ullam aut
dolor id ut quis
sunt iure voluptates expedita voluptas doloribus modi saepe autem"
29,5,145,"voluptatem unde consequatur natus nostrum vel ut
consequatur sequi doloremque omnis dolorem maxime
eaque sunt excepturi
fuga qui illum et accusamus"
42,5,210,"praesentium odit quos et tempora eum voluptatem non
non aut eaque consectetur reprehenderit in qui eos nam
nemo ea eos
ea nesciunt consequatur et"
68,5,340,"similique autem voluptatem ab et et
odio animi repellendus libero voluptas voluptas quia
libero facere saepe nobis
consequatur et qui non hic ea maxime nihil"
4,5,20,"veritatis voluptates necessitatibus maiores corrupti
neque et exercitationem amet sit et
ullam velit sit magnam laborum
magni ut molestias"
5,5,25,"voluptates provident repellendus iusto perspiciatis ex fugiat ut
ut dolor nam aliquid et expedita voluptate
sunt vitae illo rerum in quos
vel eligendi enim quae fugiat est"
22,5,110,"eveniet fugit qui
porro eaque dolores eos adipisci dolores ut
fugit perferendis pariatur
numquam et repellat occaecati atque ipsum neque"
59,5,295,"voluptatem est aspernatur consequatur vel facere
ut omnis tenetur non ea eos
quibusdam error odio
atque consectetur voluptatem eligendi"
60,5,300,"voluptatem omnis pariatur aut saepe enim qui
aut illo aut sed aperiam expedita debitis
tempore animi dolorem
ut libero et eos unde ex"
16,5,80,"sunt qui consequatur similique recusandae repellendus voluptates eos et
vero nostrum fugit magnam aliquam
reprehenderit nobis voluptatem eos consectetur possimus
et perferendis qui ea fugiat sit doloremque"
71,5,355,"vel cumque labore vitae quisquam magnam sequi ut
molestiae dolores vel minus aut
quas repellat nostrum fugit molestiae veritatis sequi
vel quidem in molestiae id doloribus sed"
81,5,405,"sit delectus recusandae qui
et cupiditate sed ipsum culpa et fugiat ab
illo dignissimos quo est repellat dolorum neque
voluptates sed sapiente ab aut rerum enim sint voluptatum"
84,5,420,"voluptas cum eum minima rem
dolorem et nemo repellendus voluptatem sit
repudiandae nulla qui recusandae nobis
blanditiis perspiciatis dolor ipsam reprehenderit odio"
39,5,195,"sit vero aut voluptatem soluta corrupti dolor cum
nulla ipsa accusamus aut suscipit ut dicta ut nemo
ut et ut sit voluptas modi
illum suscipit ea debitis aut ullam harum"
40,5,200,"veniam eos ab voluptatem in fugiat ipsam quis
officiis non qui
quia ut id voluptates et a molestiae commodi quam
dolorem enim soluta impedit autem nulla"
54,5,270,"velit earum perspiciatis ea recusandae nihil consectetur ut
maxime repellendus doloribus
aperiam ut ex ratione quia esse magni
ducimus rerum vel rerum officiis suscipit nihil qui"
99,5,495,"pariatur occaecati ea autem at quis et dolorem similique
pariatur ipsa hic et saepe itaque cumque repellendus vel
et quibusdam qui aut nemo et illo
qui non quod officiis aspernatur qui optio"
1,5,5,"quia molestiae reprehenderit quasi aspernatur
aut expedita occaecati aliquam eveniet laudantium
omnis quibusdam delectus saepe quia accusamus maiores nam est
cum et ducimus et vero voluptates excepturi deleniti ratione"
33,5,165,"sunt totam blanditiis
eum quos fugit et ab rerum nemo
ut iusto architecto
ut et eligendi iure placeat omnis"
34,5,170,"unde non aliquid magni accusantium architecto et
rerum autem eos explicabo et
odio facilis sed
rerum ex esse beatae quia"
75,5,375,"non ea sed reprehenderit reiciendis eaque et neque adipisci
ipsa architecto deserunt ratione nesciunt tempore similique occaecati non
hic vitae sit neque
rerum quod dolorem ratione esse aperiam necessitatibus"
49,5,245,"vel nam nemo sed vitae
repellat necessitatibus dolores deserunt dolorum
minima quae velit et nemo
sit expedita nihil consequatur autem quia maiores"
55,5,275,"quos illo consectetur dolores
cupiditate enim rerum dicta sequi totam
aspernatur sed praesentium
ipsum voluptates perspiciatis ipsa accusantium et et"
57,5,285,"rem ut sed
non cumque corrupti vel nam rerum autem
nobis dolorem necessitatibus fugit corporis
quos sint distinctio ex et animi tempore"
92,5,460,"veniam natus aut vero et aliquam doloremque
alias cupiditate non est
tempore et non vel error placeat est quisquam ea
non dolore aliquid non fuga expedita dicta ut quos"
51,5,255,"sit vero at voluptatem corporis adipisci
error sit aut nihil rerum doloremque dolorum ipsum
eum ut numquam sapiente ipsam nam blanditiis ut quasi
facilis optio rerum qui temporibus esse excepturi eaque"
64,5,320,"quam iste aut molestiae nesciunt modi
atque quo laudantium vel tempora quam tenetur neque aut
et ipsum eum nostrum enim laboriosam officia eligendi
laboriosam libero ullam sit nulla voluptate in"
86,5,430,"reiciendis consequatur sunt atque quisquam ut sed iure
consequatur laboriosam dicta odio
quas cumque iure blanditiis ad sed ullam dignissimos
sunt et exercitationem saepe"
12,5,60,"veritatis qui nihil
quia reprehenderit non ullam ea iusto
consectetur nam voluptas ut temporibus tempore provident error
eos et nisi et voluptate"
56,5,280,"perferendis fugit expedita cumque
exercitationem animi fugit aut earum
nihil quia illum eum dicta ut
quam commodi optio"
65,5,325,"qui vero recusandae
porro esse sint doloribus impedit voluptatem commodi
asperiores laudantium ut dolores
praesentium distinctio magnam voluptatum aut"
70,5,350,"quas non magnam
quia veritatis assumenda reiciendis
similique dolores est ab
praesentium fuga ut"
15,5,75,"quisquam voluptas ut
pariatur eos amet non
reprehenderit voluptates numquam
in est voluptatem dicta ipsa qui esse enim"
48,5,240,"necessitatibus nulla perferendis ad inventore earum delectus
vitae illo sed perferendis
officiis quo eligendi voluptatem animi totam perspiciatis
repellat quam eum placeat est tempore facere"
82,5,410,"totam ad quia non vero dolor laudantium sed temporibus
quia aperiam corrupti sint accusantium eligendi
aliquam rerum voluptatem delectus numquam nihil
soluta qui sequi nisi voluptatum eaque voluptas animi ipsam"
45,5,225,"rerum possimus asperiores non dolores maiores tenetur ab
suscipit laudantium possimus ab iure
distinctio assumenda iste adipisci optio est sed eligendi
temporibus perferendis tempore soluta"
88,5,440,"voluptas aspernatur eveniet
quod id numquam dolores quia perspiciatis eum
et delectus quia occaecati adipisci nihil velit accusamus esse
minus aspernatur repudiandae"
90,5,450,"rerum omnis voluptatem harum aliquid voluptas accusamus
eius dicta animi
odio non quidem voluptas tenetur
nostrum deserunt laudantium culpa dolorum"
31,5,155,"quos eos sint voluptatibus similique iusto perferendis omnis voluptas
earum nulla cumque
dolorem consequatur officiis quis consequatur aspernatur nihil ullam et
enim enim unde nihil labore non ducimus"
36,5,180,"ut facilis sapiente
quia repellat autem et aut delectus sint
autem nulla debitis
omnis consequuntur neque"
79,5,395,"voluptatem quisquam pariatur voluptatum qui quaerat
et minus ea aliquam ullam dolorem consequatur
ratione at ad nemo aperiam excepturi deleniti
qui numquam quis hic nostrum tempora quidem"
14,5,70,"sed magni accusantium numquam quidem omnis et voluptatem beatae
quos fugit libero
vel ipsa et nihil recusandae ea
iste nemo qui optio sit enim ut nostrum odit"
25,5,125,"ut ut eius qui explicabo quis
iste autem nulla beatae tenetur enim
assumenda explicabo consequatur harum exercitationem
velit itaque consectetur et possimus"
50,5,250,"quia est sed eos animi optio dolorum
consequatur reiciendis exercitationem ipsum nihil omnis
beatae sed corporis enim quisquam
et blanditiis qui nihil"
20,5,100,"ex et expedita cum voluptatem
voluptatem ab expedita quis nihil
esse quo nihil perferendis dolores velit ut culpa aut
dolor maxime necessitatibus voluptatem"
30,5,150,"veniam est distinctio
nihil quia eos sed
distinctio hic ut sint ducimus debitis dolorem voluptatum assumenda
eveniet ea perspiciatis"
61,5,305,"sit nesciunt id vitae ut itaque sapiente
neque in at consequuntur perspiciatis dicta consequatur velit
facilis iste ut error sed
in sequi expedita autem"
23,5,115,"voluptatem sint quia modi accusantium alias
recusandae rerum voluptatem aut sit et ut magnam
voluptas rerum odio quo labore voluptatem facere consequuntur
ut sit voluptatum hic distinctio"
62,5,310,"sit tenetur aut eum quasi reiciendis dignissimos non nulla
repellendus ut quisquam
numquam provident et repellendus eum nihil blanditiis
beatae iusto sed eius sit sed doloremque exercitationem nihil"
72,5,360,"unde ad id nemo ipsam dolorem autem quaerat
perspiciatis voluptas corrupti laborum rerum est architecto
eius quos aut et voluptate voluptatem atque necessitatibus
voluptate fugiat aut iusto et atque"
78,5,390,"qui recusandae veniam sed voluptatem ullam facilis consequatur
numquam ut quod aut et
non alias ex quam aut quasi ipsum praesentium
ut aspernatur sit"
67,5,335,"voluptas iste deleniti
est itaque vel ea incidunt quia voluptates sapiente repellat
aut consectetur vel neque tempora esse similique sed
a qui nobis voluptate hic eligendi doloribus molestiae et"
95,5,475,"ut in nostrum
ut et incidunt et minus nulla perferendis libero delectus
nulla nemo deleniti
deleniti facere autem vero velit non molestiae assumenda"
2,5,10,"voluptate iusto quis nobis reprehenderit ipsum amet nulla
quia quas dolores velit et non
aut quia necessitatibus
nostrum quaerat nulla et accusamus nisi facilis"
10,5,50,"occaecati laudantium ratione non cumque
earum quod non enim soluta nisi velit similique voluptatibus
esse laudantium consequatur voluptatem rem eaque voluptatem aut ut
et sit quam"
17,5,85,"ratione ut magni voluptas
explicabo natus quia consequatur nostrum aut
omnis enim in qui illum
aut atque laboriosam aliquid blanditiis quisquam et laborum"
43,5,215,"odio temporibus est ut a
aut commodi minima tempora eum
et fuga omnis alias deleniti facere totam unde
impedit voluptas et possimus consequatur necessitatibus qui velit"
32,5,160,"voluptas quia quo ad
ipsum voluptatum provident ut ipsam velit dignissimos aut assumenda
ut officia laudantium
quibusdam sed minima"
76,5,380,"voluptatum quis ipsa voluptatem saepe est
illum error repellat eaque dolor quae qui
eum rerum sunt quam illo
voluptates fuga possimus nemo nihil distinctio"
13,5,65,"tempore dolorum corrupti facilis
praesentium sunt iste recusandae
unde quisquam similique
alias consequuntur voluptates velit"
83,5,415,"veniam non culpa aut voluptas rem eum officiis
mollitia placeat eos cum
consequatur eos commodi dolorem
animi maiores qui"
91,5,455,"ratione sequi sed
earum nam aut sunt
quam cum qui
similique consequatur et est"
100,5,500,"perspiciatis quis doloremque
veniam nisi eos velit sed
id totam inventore voluptatem laborum et eveniet
aut aut aut maxime quia temporibus ut omnis"
96,5,480,"totam explicabo harum quam impedit sunt
doloremque consectetur id et minima eos incidunt quibusdam omnis
saepe maiores officiis eligendi alias sint est aut cumque
debitis cumque hic aut ut dolorum"
93,5,465,"voluptate officiis nihil laudantium sint autem adipisci
aspernatur voluptas debitis nam omnis ut non eligendi
aliquam vel commodi velit officiis laboriosam corporis
quas aliquid aperiam autem"
52,5,260,"nemo deleniti sunt praesentium quis quam repellendus
consequatur non est ex fugiat distinctio aliquam explicabo
aspernatur omnis debitis sint consequatur
quo autem natus veritatis"
37,5,185,"voluptatum voluptatem nisi consequatur et
omnis nobis odio neque ab enim veniam
sit qui aperiam odit voluptatem facere
nesciunt esse nemo"
97,5,485,"vel libero quo sit vitae
id nesciunt ipsam non a aut enim itaque totam
illum est cupiditate sit
nam exercitationem magnam veniam"
11,5,55,"perferendis omnis esse
voluptate sit mollitia sed perferendis
nemo nostrum qui
vel quis nisi doloribus animi odio id quas"
